GRUPO ECONÔMICO,VARIÁVEL,SERVIÇO,data,valor
algar,indicador de desempenho no atendimento (ida),SMP,2017-01,100.0
claro,indicador de desempenho no atendimento (ida),SMP,2017-01,83.28
nextel,indicador de desempenho no atendimento (ida),SMP,2017-01,0.0
oi,indicador de desempenho no atendimento (ida),SMP,2017-01,75.072
sercomtel,indicador de desempenho no atendimento (ida),SMP,2017-01,93.333
tim,indicador de desempenho no atendimento (ida),SMP,2017-01,69.936
vivo,indicador de desempenho no atendimento (ida),SMP,2017-01,79.626
algar,índice de reclamações,SMP,2017-01,0.132
claro,índice de reclamações,SMP,2017-01,0.534
nextel,índice de reclamações,SMP,2017-01,3.167
oi,índice de reclamações,SMP,2017-01,0.482
sercomtel,índice de reclamações,SMP,2017-01,0.069
tim,índice de reclamações,SMP,2017-01,0.801
vivo,índice de reclamações,SMP,2017-01,0.607
algar,quantidade de acessos em serviço,SMP,2017-01,1335830.0
claro,quantidade de acessos em serviço,SMP,2017-01,60169181.0
nextel,quantidade de acessos em serviço,SMP,2017-01,3468324.0
oi,quantidade de acessos em serviço,SMP,2017-01,41956070.0
sercomtel,quantidade de acessos em serviço,SMP,2017-01,72025.0
tim,quantidade de acessos em serviço,SMP,2017-01,62821808.0
vivo,quantidade de acessos em serviço,SMP,2017-01,73896211.0
algar,quantidade de reabertas,SMP,2017-01,13.0
claro,quantidade de reabertas,SMP,2017-01,2338.0
nextel,quantidade de reabertas,SMP,2017-01,1608.0
oi,quantidade de reabertas,SMP,2017-01,1812.0
sercomtel,quantidade de reabertas,SMP,2017-01,0.0
tim,quantidade de reabertas,SMP,2017-01,3874.0
vivo,quantidade de reabertas,SMP,2017-01,3526.0
algar,quantidade de reclamações,SMP,2017-01,176.0
claro,quantidade de reclamações,SMP,2017-01,32154.0
nextel,quantidade de reclamações,SMP,2017-01,10985.0
oi,quantidade de reclamações,SMP,2017-01,20218.0
sercomtel,quantidade de reclamações,SMP,2017-01,5.0
tim,quantidade de reclamações,SMP,2017-01,50338.0
vivo,quantidade de reclamações,SMP,2017-01,44890.0
algar,quantidade de reclamações no período,SMP,2017-01,632.0
claro,quantidade de reclamações no período,SMP,2017-01,87924.0
nextel,quantidade de reclamações no período,SMP,2017-01,28584.0
oi,quantidade de reclamações no período,SMP,2017-01,58010.0
sercomtel,quantidade de reclamações no período,SMP,2017-01,16.0
tim,quantidade de reclamações no período,SMP,2017-01,153244.0
vivo,quantidade de reclamações no período,SMP,2017-01,120498.0
algar,quantidade de respondidas,SMP,2017-01,176.0
claro,quantidade de respondidas,SMP,2017-01,31985.0
nextel,quantidade de respondidas,SMP,2017-01,9521.0
oi,quantidade de respondidas,SMP,2017-01,20189.0
sercomtel,quantidade de respondidas,SMP,2017-01,5.0
tim,quantidade de respondidas,SMP,2017-01,50328.0
vivo,quantidade de respondidas,SMP,2017-01,44848.0
algar,quantidade de sol. respondidas em até 5 dias,SMP,2017-01,160.0
claro,quantidade de sol. respondidas em até 5 dias,SMP,2017-01,27857.0
nextel,quantidade de sol. respondidas em até 5 dias,SMP,2017-01,8028.0
oi,quantidade de sol. respondidas em até 5 dias,SMP,2017-01,17049.0
sercomtel,quantidade de sol. respondidas em até 5 dias,SMP,2017-01,4.0
tim,quantidade de sol. respondidas em até 5 dias,SMP,2017-01,43191.0
vivo,quantidade de sol. respondidas em até 5 dias,SMP,2017-01,38170.0
algar,quantidade de sol. respondidas no período,SMP,2017-01,632.0
claro,quantidade de sol. respondidas no período,SMP,2017-01,87774.0
nextel,quantidade de sol. respondidas no período,SMP,2017-01,28343.0
oi,quantidade de sol. respondidas no período,SMP,2017-01,57889.0
sercomtel,quantidade de sol. respondidas no período,SMP,2017-01,16.0
tim,quantidade de sol. respondidas no período,SMP,2017-01,153233.0
vivo,quantidade de sol. respondidas no período,SMP,2017-01,120360.0
algar,taxa de reabertas,SMP,2017-01,7.386
claro,taxa de reabertas,SMP,2017-01,7.31
nextel,taxa de reabertas,SMP,2017-01,16.889
oi,taxa de reabertas,SMP,2017-01,8.975
sercomtel,taxa de reabertas,SMP,2017-01,0.0
tim,taxa de reabertas,SMP,2017-01,7.698
vivo,taxa de reabertas,SMP,2017-01,7.862
algar,taxa de respondidas em 5 dias úteis,SMP,2017-01,90.909
claro,taxa de respondidas em 5 dias úteis,SMP,2017-01,86.636
nextel,taxa de respondidas em 5 dias úteis,SMP,2017-01,73.081
oi,taxa de respondidas em 5 dias úteis,SMP,2017-01,84.326
sercomtel,taxa de respondidas em 5 dias úteis,SMP,2017-01,80.0
tim,taxa de respondidas em 5 dias úteis,SMP,2017-01,85.802
vivo,taxa de respondidas em 5 dias úteis,SMP,2017-01,85.03
algar,taxa de respondidas no período,SMP,2017-01,100.0
claro,taxa de respondidas no período,SMP,2017-01,99.829
nextel,taxa de respondidas no período,SMP,2017-01,99.157
oi,taxa de respondidas no período,SMP,2017-01,99.791
sercomtel,taxa de respondidas no período,SMP,2017-01,100.0
tim,taxa de respondidas no período,SMP,2017-01,99.993
vivo,taxa de respondidas no período,SMP,2017-01,99.885
algar,indicador de desempenho no atendimento (ida),SMP,2017-02,100.0
claro,indicador de desempenho no atendimento (ida),SMP,2017-02,86.025
nextel,indicador de desempenho no atendimento (ida),SMP,2017-02,0.0
oi,indicador de desempenho no atendimento (ida),SMP,2017-02,78.176
sercomtel,indicador de desempenho no atendimento (ida),SMP,2017-02,91.071
tim,indicador de desempenho no atendimento (ida),SMP,2017-02,77.555
vivo,indicador de desempenho no atendimento (ida),SMP,2017-02,87.22
algar,índice de reclamações,SMP,2017-02,0.097
claro,índice de reclamações,SMP,2017-02,0.48
nextel,índice de reclamações,SMP,2017-02,2.499
oi,índice de reclamações,SMP,2017-02,0.401
sercomtel,índice de reclamações,SMP,2017-02,0.098
tim,índice de reclamações,SMP,2017-02,0.649
vivo,índice de reclamações,SMP,2017-02,0.456
algar,quantidade de acessos em serviço,SMP,2017-02,1344684.0
claro,quantidade de acessos em serviço,SMP,2017-02,60216418.0
nextel,quantidade de acessos em serviço,SMP,2017-02,3459531.0
oi,quantidade de acessos em serviço,SMP,2017-02,42027840.0
sercomtel,quantidade de acessos em serviço,SMP,2017-02,71708.0
tim,quantidade de acessos em serviço,SMP,2017-02,62132232.0
vivo,quantidade de acessos em serviço,SMP,2017-02,73912571.0
algar,quantidade de reabertas,SMP,2017-02,9.0
claro,quantidade de reabertas,SMP,2017-02,2147.0
nextel,quantidade de reabertas,SMP,2017-02,1314.0
oi,quantidade de reabertas,SMP,2017-02,1709.0
sercomtel,quantidade de reabertas,SMP,2017-02,1.0
tim,quantidade de reabertas,SMP,2017-02,2999.0
vivo,quantidade de reabertas,SMP,2017-02,2360.0
algar,quantidade de reclamações,SMP,2017-02,130.0
claro,quantidade de reclamações,SMP,2017-02,28874.0
nextel,quantidade de reclamações,SMP,2017-02,8644.0
oi,quantidade de reclamações,SMP,2017-02,16846.0
sercomtel,quantidade de reclamações,SMP,2017-02,7.0
tim,quantidade de reclamações,SMP,2017-02,40318.0
vivo,quantidade de reclamações,SMP,2017-02,33675.0
algar,quantidade de reclamações no período,SMP,2017-02,618.0
claro,quantidade de reclamações no período,SMP,2017-02,90962.0
nextel,quantidade de reclamações no período,SMP,2017-02,29942.0
oi,quantidade de reclamações no período,SMP,2017-02,58705.0
sercomtel,quantidade de reclamações no período,SMP,2017-02,17.0
tim,quantidade de reclamações no período,SMP,2017-02,152871.0
vivo,quantidade de reclamações no período,SMP,2017-02,126681.0
algar,quantidade de respondidas,SMP,2017-02,130.0
claro,quantidade de respondidas,SMP,2017-02,28856.0
nextel,quantidade de respondidas,SMP,2017-02,5653.0
oi,quantidade de respondidas,SMP,2017-02,16777.0
sercomtel,quantidade de respondidas,SMP,2017-02,7.0
tim,quantidade de respondidas,SMP,2017-02,40204.0
vivo,quantidade de respondidas,SMP,2017-02,33669.0
algar,quantidade de sol. respondidas em até 5 dias,SMP,2017-02,116.0
claro,quantidade de sol. respondidas em até 5 dias,SMP,2017-02,24791.0
nextel,quantidade de sol. respondidas em até 5 dias,SMP,2017-02,4987.0
oi,quantidade de sol. respondidas em até 5 dias,SMP,2017-02,14109.0
sercomtel,quantidade de sol. respondidas em até 5 dias,SMP,2017-02,6.0
tim,quantidade de sol. respondidas em até 5 dias,SMP,2017-02,34359.0
vivo,quantidade de sol. respondidas em até 5 dias,SMP,2017-02,29121.0
algar,quantidade de sol. respondidas no período,SMP,2017-02,618.0
claro,quantidade de sol. respondidas no período,SMP,2017-02,90878.0
nextel,quantidade de sol. respondidas no período,SMP,2017-02,28905.0
oi,quantidade de sol. respondidas no período,SMP,2017-02,58438.0
sercomtel,quantidade de sol. respondidas no período,SMP,2017-02,17.0
tim,quantidade de sol. respondidas no período,SMP,2017-02,152869.0
vivo,quantidade de sol. respondidas no período,SMP,2017-02,126656.0
algar,taxa de reabertas,SMP,2017-02,6.923
claro,taxa de reabertas,SMP,2017-02,7.44
nextel,taxa de reabertas,SMP,2017-02,23.244
oi,taxa de reabertas,SMP,2017-02,10.187
sercomtel,taxa de reabertas,SMP,2017-02,14.286
tim,taxa de reabertas,SMP,2017-02,7.459
vivo,taxa de reabertas,SMP,2017-02,7.009
algar,taxa de respondidas em 5 dias úteis,SMP,2017-02,89.231
claro,taxa de respondidas em 5 dias úteis,SMP,2017-02,85.859
nextel,taxa de respondidas em 5 dias úteis,SMP,2017-02,57.693
oi,taxa de respondidas em 5 dias úteis,SMP,2017-02,83.753
sercomtel,taxa de respondidas em 5 dias úteis,SMP,2017-02,85.714
tim,taxa de respondidas em 5 dias úteis,SMP,2017-02,85.22
vivo,taxa de respondidas em 5 dias úteis,SMP,2017-02,86.477
algar,taxa de respondidas no período,SMP,2017-02,100.0
claro,taxa de respondidas no período,SMP,2017-02,99.908
nextel,taxa de respondidas no período,SMP,2017-02,96.537
oi,taxa de respondidas no período,SMP,2017-02,99.545
sercomtel,taxa de respondidas no período,SMP,2017-02,100.0
tim,taxa de respondidas no período,SMP,2017-02,99.999
vivo,taxa de respondidas no período,SMP,2017-02,99.98
algar,indicador de desempenho no atendimento (ida),SMP,2017-03,100.0
claro,indicador de desempenho no atendimento (ida),SMP,2017-03,81.562
nextel,indicador de desempenho no atendimento (ida),SMP,2017-03,0.0
oi,indicador de desempenho no atendimento (ida),SMP,2017-03,78.466
sercomtel,indicador de desempenho no atendimento (ida),SMP,2017-03,41.667
tim,indicador de desempenho no atendimento (ida),SMP,2017-03,70.607
vivo,indicador de desempenho no atendimento (ida),SMP,2017-03,83.852
algar,índice de reclamações,SMP,2017-03,0.124
claro,índice de reclamações,SMP,2017-03,0.569
nextel,índice de reclamações,SMP,2017-03,3.01
oi,índice de reclamações,SMP,2017-03,0.496
sercomtel,índice de reclamações,SMP,2017-03,0.07
tim,índice de reclamações,SMP,2017-03,0.788
vivo,índice de reclamações,SMP,2017-03,0.523
algar,quantidade de acessos em serviço,SMP,2017-03,1341166.0
claro,quantidade de acessos em serviço,SMP,2017-03,60236706.0
nextel,quantidade de acessos em serviço,SMP,2017-03,3354314.0
oi,quantidade de acessos em serviço,SMP,2017-03,42077986.0
sercomtel,quantidade de acessos em serviço,SMP,2017-03,71766.0
tim,quantidade de acessos em serviço,SMP,2017-03,61867606.0
vivo,quantidade de acessos em serviço,SMP,2017-03,73996842.0
algar,quantidade de reabertas,SMP,2017-03,13.0
claro,quantidade de reabertas,SMP,2017-03,2614.0
nextel,quantidade de reabertas,SMP,2017-03,1586.0
oi,quantidade de reabertas,SMP,2017-03,2240.0
sercomtel,quantidade de reabertas,SMP,2017-03,2.0
tim,quantidade de reabertas,SMP,2017-03,3742.0
vivo,quantidade de reabertas,SMP,2017-03,2895.0
algar,quantidade de reclamações,SMP,2017-03,166.0
claro,quantidade de reclamações,SMP,2017-03,34260.0
nextel,quantidade de reclamações,SMP,2017-03,10096.0
oi,quantidade de reclamações,SMP,2017-03,20868.0
sercomtel,quantidade de reclamações,SMP,2017-03,5.0
tim,quantidade de reclamações,SMP,2017-03,48743.0
vivo,quantidade de reclamações,SMP,2017-03,38698.0
algar,quantidade de reclamações no período,SMP,2017-03,542.0
claro,quantidade de reclamações no período,SMP,2017-03,90025.0
nextel,quantidade de reclamações no período,SMP,2017-03,29108.0
oi,quantidade de reclamações no período,SMP,2017-03,56082.0
sercomtel,quantidade de reclamações no período,SMP,2017-03,19.0
tim,quantidade de reclamações no período,SMP,2017-03,138232.0
vivo,quantidade de reclamações no período,SMP,2017-03,119433.0
algar,quantidade de respondidas,SMP,2017-03,166.0
claro,quantidade de respondidas,SMP,2017-03,34243.0
nextel,quantidade de respondidas,SMP,2017-03,8084.0
oi,quantidade de respondidas,SMP,2017-03,20780.0
sercomtel,quantidade de respondidas,SMP,2017-03,5.0
tim,quantidade de respondidas,SMP,2017-03,48737.0
vivo,quantidade de respondidas,SMP,2017-03,38692.0
algar,quantidade de sol. respondidas em até 5 dias,SMP,2017-03,147.0
claro,quantidade de sol. respondidas em até 5 dias,SMP,2017-03,29448.0
nextel,quantidade de sol. respondidas em até 5 dias,SMP,2017-03,6702.0
oi,quantidade de sol. respondidas em até 5 dias,SMP,2017-03,17797.0
sercomtel,quantidade de sol. respondidas em até 5 dias,SMP,2017-03,0.0
tim,quantidade de sol. respondidas em até 5 dias,SMP,2017-03,41614.0
vivo,quantidade de sol. respondidas em até 5 dias,SMP,2017-03,33260.0
algar,quantidade de sol. respondidas no período,SMP,2017-03,542.0
claro,quantidade de sol. respondidas no período,SMP,2017-03,90004.0
nextel,quantidade de sol. respondidas no período,SMP,2017-03,27429.0
oi,quantidade de sol. respondidas no período,SMP,2017-03,55891.0
sercomtel,quantidade de sol. respondidas no período,SMP,2017-03,19.0
tim,quantidade de sol. respondidas no período,SMP,2017-03,138229.0
vivo,quantidade de sol. respondidas no período,SMP,2017-03,119428.0
algar,taxa de reabertas,SMP,2017-03,7.831
claro,taxa de reabertas,SMP,2017-03,7.634
nextel,taxa de reabertas,SMP,2017-03,19.619
oi,taxa de reabertas,SMP,2017-03,10.78
sercomtel,taxa de reabertas,SMP,2017-03,40.0
tim,taxa de reabertas,SMP,2017-03,7.678
vivo,taxa de reabertas,SMP,2017-03,7.482
algar,taxa de respondidas em 5 dias úteis,SMP,2017-03,88.554
claro,taxa de respondidas em 5 dias úteis,SMP,2017-03,85.954
nextel,taxa de respondidas em 5 dias úteis,SMP,2017-03,66.383
oi,taxa de respondidas em 5 dias úteis,SMP,2017-03,85.284
sercomtel,taxa de respondidas em 5 dias úteis,SMP,2017-03,0.0
tim,taxa de respondidas em 5 dias úteis,SMP,2017-03,85.374
vivo,taxa de respondidas em 5 dias úteis,SMP,2017-03,85.948
algar,taxa de respondidas no período,SMP,2017-03,100.0
claro,taxa de respondidas no período,SMP,2017-03,99.977
nextel,taxa de respondidas no período,SMP,2017-03,94.232
oi,taxa de respondidas no período,SMP,2017-03,99.659
sercomtel,taxa de respondidas no período,SMP,2017-03,100.0
tim,taxa de respondidas no período,SMP,2017-03,99.998
vivo,taxa de respondidas no período,SMP,2017-03,99.996
algar,indicador de desempenho no atendimento (ida),SMP,2017-04,100.0
claro,indicador de desempenho no atendimento (ida),SMP,2017-04,88.848
nextel,indicador de desempenho no atendimento (ida),SMP,2017-04,0.0
oi,indicador de desempenho no atendimento (ida),SMP,2017-04,84.165
sercomtel,indicador de desempenho no atendimento (ida),SMP,2017-04,0.0
tim,indicador de desempenho no atendimento (ida),SMP,2017-04,75.49
vivo,indicador de desempenho no atendimento (ida),SMP,2017-04,87.658
algar,índice de reclamações,SMP,2017-04,0.103
claro,índice de reclamações,SMP,2017-04,0.423
nextel,índice de reclamações,SMP,2017-04,2.528
oi,índice de reclamações,SMP,2017-04,0.379
sercomtel,índice de reclamações,SMP,2017-04,0.154
tim,índice de reclamações,SMP,2017-04,0.69
vivo,índice de reclamações,SMP,2017-04,0.447
algar,quantidade de acessos em serviço,SMP,2017-04,1339754.0
claro,quantidade de acessos em serviço,SMP,2017-04,60207677.0
nextel,quantidade de acessos em serviço,SMP,2017-04,3359911.0
oi,quantidade de acessos em serviço,SMP,2017-04,42081963.0
sercomtel,quantidade de acessos em serviço,SMP,2017-04,71629.0
tim,quantidade de acessos em serviço,SMP,2017-04,61348533.0
vivo,quantidade de acessos em serviço,SMP,2017-04,74074202.0
algar,quantidade de reabertas,SMP,2017-04,6.0
claro,quantidade de reabertas,SMP,2017-04,1705.0
nextel,quantidade de reabertas,SMP,2017-04,1335.0
oi,quantidade de reabertas,SMP,2017-04,1757.0
sercomtel,quantidade de reabertas,SMP,2017-04,9.0
tim,quantidade de reabertas,SMP,2017-04,3011.0
vivo,quantidade de reabertas,SMP,2017-04,2126.0
algar,quantidade de reclamações,SMP,2017-04,138.0
claro,quantidade de reclamações,SMP,2017-04,25470.0
nextel,quantidade de reclamações,SMP,2017-04,8494.0
oi,quantidade de reclamações,SMP,2017-04,15938.0
sercomtel,quantidade de reclamações,SMP,2017-04,11.0
tim,quantidade de reclamações,SMP,2017-04,42343.0
vivo,quantidade de reclamações,SMP,2017-04,33100.0
algar,quantidade de reclamações no período,SMP,2017-04,472.0
claro,quantidade de reclamações no período,SMP,2017-04,95285.0
nextel,quantidade de reclamações no período,SMP,2017-04,29722.0
oi,quantidade de reclamações no período,SMP,2017-04,57936.0
sercomtel,quantidade de reclamações no período,SMP,2017-04,17.0
tim,quantidade de reclamações no período,SMP,2017-04,139397.0
vivo,quantidade de reclamações no período,SMP,2017-04,117271.0
algar,quantidade de respondidas,SMP,2017-04,138.0
claro,quantidade de respondidas,SMP,2017-04,25429.0
nextel,quantidade de respondidas,SMP,2017-04,7214.0
oi,quantidade de respondidas,SMP,2017-04,15919.0
sercomtel,quantidade de respondidas,SMP,2017-04,5.0
tim,quantidade de respondidas,SMP,2017-04,42308.0
vivo,quantidade de respondidas,SMP,2017-04,33089.0
algar,quantidade de sol. respondidas em até 5 dias,SMP,2017-04,126.0
claro,quantidade de sol. respondidas em até 5 dias,SMP,2017-04,22073.0
nextel,quantidade de sol. respondidas em até 5 dias,SMP,2017-04,6524.0
oi,quantidade de sol. respondidas em até 5 dias,SMP,2017-04,13659.0
sercomtel,quantidade de sol. respondidas em até 5 dias,SMP,2017-04,2.0
tim,quantidade de sol. respondidas em até 5 dias,SMP,2017-04,36299.0
vivo,quantidade de sol. respondidas em até 5 dias,SMP,2017-04,29083.0
algar,quantidade de sol. respondidas no período,SMP,2017-04,472.0
claro,quantidade de sol. respondidas no período,SMP,2017-04,95265.0
nextel,quantidade de sol. respondidas no período,SMP,2017-04,27667.0
oi,quantidade de sol. respondidas no período,SMP,2017-04,57793.0
sercomtel,quantidade de sol. respondidas no período,SMP,2017-04,17.0
tim,quantidade de sol. respondidas no período,SMP,2017-04,139346.0
vivo,quantidade de sol. respondidas no período,SMP,2017-04,117266.0
algar,taxa de reabertas,SMP,2017-04,4.348
claro,taxa de reabertas,SMP,2017-04,6.705
nextel,taxa de reabertas,SMP,2017-04,18.506
oi,taxa de reabertas,SMP,2017-04,11.037
sercomtel,taxa de reabertas,SMP,2017-04,180.0
tim,taxa de reabertas,SMP,2017-04,7.117
vivo,taxa de reabertas,SMP,2017-04,6.425
algar,taxa de respondidas em 5 dias úteis,SMP,2017-04,91.304
claro,taxa de respondidas em 5 dias úteis,SMP,2017-04,86.663
nextel,taxa de respondidas em 5 dias úteis,SMP,2017-04,76.807
oi,taxa de respondidas em 5 dias úteis,SMP,2017-04,85.701
sercomtel,taxa de respondidas em 5 dias úteis,SMP,2017-04,18.182
tim,taxa de respondidas em 5 dias úteis,SMP,2017-04,85.726
vivo,taxa de respondidas em 5 dias úteis,SMP,2017-04,87.864
algar,taxa de respondidas no período,SMP,2017-04,100.0
claro,taxa de respondidas no período,SMP,2017-04,99.979
nextel,taxa de respondidas no período,SMP,2017-04,93.086
oi,taxa de respondidas no período,SMP,2017-04,99.753
sercomtel,taxa de respondidas no período,SMP,2017-04,100.0
tim,taxa de respondidas no período,SMP,2017-04,99.963
vivo,taxa de respondidas no período,SMP,2017-04,99.996
algar,indicador de desempenho no atendimento (ida),SMP,2017-05,92.973
claro,indicador de desempenho no atendimento (ida),SMP,2017-05,82.8
nextel,indicador de desempenho no atendimento (ida),SMP,2017-05,0.0
oi,indicador de desempenho no atendimento (ida),SMP,2017-05,75.784
sercomtel,indicador de desempenho no atendimento (ida),SMP,2017-05,0.0
tim,indicador de desempenho no atendimento (ida),SMP,2017-05,67.941
vivo,indicador de desempenho no atendimento (ida),SMP,2017-05,84.32
algar,índice de reclamações,SMP,2017-05,0.126
claro,índice de reclamações,SMP,2017-05,0.544
nextel,índice de reclamações,SMP,2017-05,3.231
oi,índice de reclamações,SMP,2017-05,0.451
sercomtel,índice de reclamações,SMP,2017-05,0.586
tim,índice de reclamações,SMP,2017-05,0.841
vivo,índice de reclamações,SMP,2017-05,0.514
algar,quantidade de acessos em serviço,SMP,2017-05,1339222.0
claro,quantidade de acessos em serviço,SMP,2017-05,60229908.0
nextel,quantidade de acessos em serviço,SMP,2017-05,3287312.0
oi,quantidade de acessos em serviço,SMP,2017-05,42017065.0
sercomtel,quantidade de acessos em serviço,SMP,2017-05,71656.0
tim,quantidade de acessos em serviço,SMP,2017-05,61348533.0
vivo,quantidade de acessos em serviço,SMP,2017-05,74209121.0
algar,quantidade de reabertas,SMP,2017-05,19.0
claro,quantidade de reabertas,SMP,2017-05,2406.0
nextel,quantidade de reabertas,SMP,2017-05,1568.0
oi,quantidade de reabertas,SMP,2017-05,1999.0
sercomtel,quantidade de reabertas,SMP,2017-05,11.0
tim,quantidade de reabertas,SMP,2017-05,3800.0
vivo,quantidade de reabertas,SMP,2017-05,2652.0
algar,quantidade de reclamações,SMP,2017-05,169.0
claro,quantidade de reclamações,SMP,2017-05,32765.0
nextel,quantidade de reclamações,SMP,2017-05,10621.0
oi,quantidade de reclamações,SMP,2017-05,18951.0
sercomtel,quantidade de reclamações,SMP,2017-05,42.0
tim,quantidade de reclamações,SMP,2017-05,51605.0
vivo,quantidade de reclamações,SMP,2017-05,38114.0
algar,quantidade de reclamações no período,SMP,2017-05,434.0
claro,quantidade de reclamações no período,SMP,2017-05,88600.0
nextel,quantidade de reclamações no período,SMP,2017-05,27230.0
oi,quantidade de reclamações no período,SMP,2017-05,53655.0
sercomtel,quantidade de reclamações no período,SMP,2017-05,23.0
tim,quantidade de reclamações no período,SMP,2017-05,131401.0
vivo,quantidade de reclamações no período,SMP,2017-05,105478.0
algar,quantidade de respondidas,SMP,2017-05,169.0
claro,quantidade de respondidas,SMP,2017-05,32744.0
nextel,quantidade de respondidas,SMP,2017-05,9062.0
oi,quantidade de respondidas,SMP,2017-05,18939.0
sercomtel,quantidade de respondidas,SMP,2017-05,4.0
tim,quantidade de respondidas,SMP,2017-05,51599.0
vivo,quantidade de respondidas,SMP,2017-05,38112.0
algar,quantidade de sol. respondidas em até 5 dias,SMP,2017-05,148.0
claro,quantidade de sol. respondidas em até 5 dias,SMP,2017-05,28320.0
nextel,quantidade de sol. respondidas em até 5 dias,SMP,2017-05,7998.0
oi,quantidade de sol. respondidas em até 5 dias,SMP,2017-05,16070.0
sercomtel,quantidade de sol. respondidas em até 5 dias,SMP,2017-05,3.0
tim,quantidade de sol. respondidas em até 5 dias,SMP,2017-05,44039.0
vivo,quantidade de sol. respondidas em até 5 dias,SMP,2017-05,33053.0
algar,quantidade de sol. respondidas no período,SMP,2017-05,434.0
claro,quantidade de sol. respondidas no período,SMP,2017-05,88588.0
nextel,quantidade de sol. respondidas no período,SMP,2017-05,26086.0
oi,quantidade de sol. respondidas no período,SMP,2017-05,53449.0
sercomtel,quantidade de sol. respondidas no período,SMP,2017-05,17.0
tim,quantidade de sol. respondidas no período,SMP,2017-05,131393.0
vivo,quantidade de sol. respondidas no período,SMP,2017-05,105438.0
algar,taxa de reabertas,SMP,2017-05,11.243
claro,taxa de reabertas,SMP,2017-05,7.348
nextel,taxa de reabertas,SMP,2017-05,17.303
oi,taxa de reabertas,SMP,2017-05,10.555
sercomtel,taxa de reabertas,SMP,2017-05,275.0
tim,taxa de reabertas,SMP,2017-05,7.364
vivo,taxa de reabertas,SMP,2017-05,6.958
algar,taxa de respondidas em 5 dias úteis,SMP,2017-05,87.574
claro,taxa de respondidas em 5 dias úteis,SMP,2017-05,86.434
nextel,taxa de respondidas em 5 dias úteis,SMP,2017-05,75.304
oi,taxa de respondidas em 5 dias úteis,SMP,2017-05,84.798
sercomtel,taxa de respondidas em 5 dias úteis,SMP,2017-05,7.143
tim,taxa de respondidas em 5 dias úteis,SMP,2017-05,85.339
vivo,taxa de respondidas em 5 dias úteis,SMP,2017-05,86.721
algar,taxa de respondidas no período,SMP,2017-05,100.0
claro,taxa de respondidas no período,SMP,2017-05,99.986
nextel,taxa de respondidas no período,SMP,2017-05,95.799
oi,taxa de respondidas no período,SMP,2017-05,99.616
sercomtel,taxa de respondidas no período,SMP,2017-05,73.913
tim,taxa de respondidas no período,SMP,2017-05,99.994
vivo,taxa de respondidas no período,SMP,2017-05,99.962
algar,indicador de desempenho no atendimento (ida),SMP,2017-06,100.0
claro,indicador de desempenho no atendimento (ida),SMP,2017-06,85.193
nextel,indicador de desempenho no atendimento (ida),SMP,2017-06,0.0
oi,indicador de desempenho no atendimento (ida),SMP,2017-06,85.653
sercomtel,indicador de desempenho no atendimento (ida),SMP,2017-06,0.0
tim,indicador de desempenho no atendimento (ida),SMP,2017-06,74.082
vivo,indicador de desempenho no atendimento (ida),SMP,2017-06,88.357
algar,índice de reclamações,SMP,2017-06,0.143
claro,índice de reclamações,SMP,2017-06,0.496
nextel,índice de reclamações,SMP,2017-06,2.9
oi,índice de reclamações,SMP,2017-06,0.381
sercomtel,índice de reclamações,SMP,2017-06,0.967
tim,índice de reclamações,SMP,2017-06,0.718
vivo,índice de reclamações,SMP,2017-06,0.433
algar,quantidade de acessos em serviço,SMP,2017-06,1336933.0
claro,quantidade de acessos em serviço,SMP,2017-06,60272211.0
nextel,quantidade de acessos em serviço,SMP,2017-06,3241386.0
oi,quantidade de acessos em serviço,SMP,2017-06,42031482.0
sercomtel,quantidade de acessos em serviço,SMP,2017-06,71391.0
tim,quantidade de acessos em serviço,SMP,2017-06,60831205.0
vivo,quantidade de acessos em serviço,SMP,2017-06,74335209.0
algar,quantidade de reabertas,SMP,2017-06,9.0
claro,quantidade de reabertas,SMP,2017-06,2003.0
nextel,quantidade de reabertas,SMP,2017-06,1441.0
oi,quantidade de reabertas,SMP,2017-06,1349.0
sercomtel,quantidade de reabertas,SMP,2017-06,65.0
tim,quantidade de reabertas,SMP,2017-06,3185.0
vivo,quantidade de reabertas,SMP,2017-06,2340.0
algar,quantidade de reclamações,SMP,2017-06,191.0
claro,quantidade de reclamações,SMP,2017-06,29904.0
nextel,quantidade de reclamações,SMP,2017-06,9400.0
oi,quantidade de reclamações,SMP,2017-06,16032.0
sercomtel,quantidade de reclamações,SMP,2017-06,69.0
tim,quantidade de reclamações,SMP,2017-06,43699.0
vivo,quantidade de reclamações,SMP,2017-06,32176.0
algar,quantidade de reclamações no período,SMP,2017-06,473.0
claro,quantidade de reclamações no período,SMP,2017-06,92493.0
nextel,quantidade de reclamações no período,SMP,2017-06,29202.0
oi,quantidade de reclamações no período,SMP,2017-06,55763.0
sercomtel,quantidade de reclamações no período,SMP,2017-06,58.0
tim,quantidade de reclamações no período,SMP,2017-06,142687.0
vivo,quantidade de reclamações no período,SMP,2017-06,109917.0
algar,quantidade de respondidas,SMP,2017-06,191.0
claro,quantidade de respondidas,SMP,2017-06,29855.0
nextel,quantidade de respondidas,SMP,2017-06,8872.0
oi,quantidade de respondidas,SMP,2017-06,15982.0
sercomtel,quantidade de respondidas,SMP,2017-06,6.0
tim,quantidade de respondidas,SMP,2017-06,43695.0
vivo,quantidade de respondidas,SMP,2017-06,31632.0
algar,quantidade de sol. respondidas em até 5 dias,SMP,2017-06,176.0
claro,quantidade de sol. respondidas em até 5 dias,SMP,2017-06,26002.0
nextel,quantidade de sol. respondidas em até 5 dias,SMP,2017-06,7344.0
oi,quantidade de sol. respondidas em até 5 dias,SMP,2017-06,13935.0
sercomtel,quantidade de sol. respondidas em até 5 dias,SMP,2017-06,3.0
tim,quantidade de sol. respondidas em até 5 dias,SMP,2017-06,37496.0
vivo,quantidade de sol. respondidas em até 5 dias,SMP,2017-06,27450.0
algar,quantidade de sol. respondidas no período,SMP,2017-06,473.0
claro,quantidade de sol. respondidas no período,SMP,2017-06,92489.0
nextel,quantidade de sol. respondidas no período,SMP,2017-06,28327.0
oi,quantidade de sol. respondidas no período,SMP,2017-06,55565.0
sercomtel,quantidade de sol. respondidas no período,SMP,2017-06,17.0
tim,quantidade de sol. respondidas no período,SMP,2017-06,142684.0
vivo,quantidade de sol. respondidas no período,SMP,2017-06,109902.0
algar,taxa de reabertas,SMP,2017-06,4.712
claro,taxa de reabertas,SMP,2017-06,6.709
nextel,taxa de reabertas,SMP,2017-06,16.242
oi,taxa de reabertas,SMP,2017-06,8.441
sercomtel,taxa de reabertas,SMP,2017-06,1083.333
tim,taxa de reabertas,SMP,2017-06,7.289
vivo,taxa de reabertas,SMP,2017-06,7.398
algar,taxa de respondidas em 5 dias úteis,SMP,2017-06,92.147
claro,taxa de respondidas em 5 dias úteis,SMP,2017-06,86.952
nextel,taxa de respondidas em 5 dias úteis,SMP,2017-06,78.128
oi,taxa de respondidas em 5 dias úteis,SMP,2017-06,86.92
sercomtel,taxa de respondidas em 5 dias úteis,SMP,2017-06,4.348
tim,taxa de respondidas em 5 dias úteis,SMP,2017-06,85.805
vivo,taxa de respondidas em 5 dias úteis,SMP,2017-06,85.312
algar,taxa de respondidas no período,SMP,2017-06,100.0
claro,taxa de respondidas no período,SMP,2017-06,99.996
nextel,taxa de respondidas no período,SMP,2017-06,97.004
oi,taxa de respondidas no período,SMP,2017-06,99.645
sercomtel,taxa de respondidas no período,SMP,2017-06,29.31
tim,taxa de respondidas no período,SMP,2017-06,99.998
vivo,taxa de respondidas no período,SMP,2017-06,99.986
algar,indicador de desempenho no atendimento (ida),SMP,2017-07,100.0
claro,indicador de desempenho no atendimento (ida),SMP,2017-07,85.629
nextel,indicador de desempenho no atendimento (ida),SMP,2017-07,0.0
oi,indicador de desempenho no atendimento (ida),SMP,2017-07,84.327
sercomtel,indicador de desempenho no atendimento (ida),SMP,2017-07,0.0
tim,indicador de desempenho no atendimento (ida),SMP,2017-07,67.484
vivo,indicador de desempenho no atendimento (ida),SMP,2017-07,88.153
algar,índice de reclamações,SMP,2017-07,0.128
claro,índice de reclamações,SMP,2017-07,0.487
nextel,índice de reclamações,SMP,2017-07,2.773
oi,índice de reclamações,SMP,2017-07,0.4
sercomtel,índice de reclamações,SMP,2017-07,0.338
tim,índice de reclamações,SMP,2017-07,0.749
vivo,índice de reclamações,SMP,2017-07,0.437
algar,quantidade de acessos em serviço,SMP,2017-07,1336005.0
claro,quantidade de acessos em serviço,SMP,2017-07,60339722.0
nextel,quantidade de acessos em serviço,SMP,2017-07,3207143.0
oi,quantidade de acessos em serviço,SMP,2017-07,41940711.0
sercomtel,quantidade de acessos em serviço,SMP,2017-07,70994.0
tim,quantidade de acessos em serviço,SMP,2017-07,60504829.0
vivo,quantidade de acessos em serviço,SMP,2017-07,74516008.0
algar,quantidade de reabertas,SMP,2017-07,9.0
claro,quantidade de reabertas,SMP,2017-07,2060.0
nextel,quantidade de reabertas,SMP,2017-07,1344.0
oi,quantidade de reabertas,SMP,2017-07,1522.0
sercomtel,quantidade de reabertas,SMP,2017-07,13.0
tim,quantidade de reabertas,SMP,2017-07,3658.0
vivo,quantidade de reabertas,SMP,2017-07,2429.0
algar,quantidade de reclamações,SMP,2017-07,171.0
claro,quantidade de reclamações,SMP,2017-07,29411.0
nextel,quantidade de reclamações,SMP,2017-07,8893.0
oi,quantidade de reclamações,SMP,2017-07,16762.0
sercomtel,quantidade de reclamações,SMP,2017-07,24.0
tim,quantidade de reclamações,SMP,2017-07,45345.0
vivo,quantidade de reclamações,SMP,2017-07,32559.0
algar,quantidade de reclamações no período,SMP,2017-07,498.0
claro,quantidade de reclamações no período,SMP,2017-07,88141.0
nextel,quantidade de reclamações no período,SMP,2017-07,28509.0
oi,quantidade de reclamações no período,SMP,2017-07,50922.0
sercomtel,quantidade de reclamações no período,SMP,2017-07,122.0
tim,quantidade de reclamações no período,SMP,2017-07,137651.0
vivo,quantidade de reclamações no período,SMP,2017-07,103385.0
algar,quantidade de respondidas,SMP,2017-07,171.0
claro,quantidade de respondidas,SMP,2017-07,29371.0
nextel,quantidade de respondidas,SMP,2017-07,8100.0
oi,quantidade de respondidas,SMP,2017-07,16718.0
sercomtel,quantidade de respondidas,SMP,2017-07,11.0
tim,quantidade de respondidas,SMP,2017-07,45332.0
vivo,quantidade de respondidas,SMP,2017-07,32553.0
algar,quantidade de sol. respondidas em até 5 dias,SMP,2017-07,161.0
claro,quantidade de sol. respondidas em até 5 dias,SMP,2017-07,25396.0
nextel,quantidade de sol. respondidas em até 5 dias,SMP,2017-07,6727.0
oi,quantidade de sol. respondidas em até 5 dias,SMP,2017-07,14422.0
sercomtel,quantidade de sol. respondidas em até 5 dias,SMP,2017-07,7.0
tim,quantidade de sol. respondidas em até 5 dias,SMP,2017-07,38809.0
vivo,quantidade de sol. respondidas em até 5 dias,SMP,2017-07,27856.0
algar,quantidade de sol. respondidas no período,SMP,2017-07,498.0
claro,quantidade de sol. respondidas no período,SMP,2017-07,88108.0
nextel,quantidade de sol. respondidas no período,SMP,2017-07,27918.0
oi,quantidade de sol. respondidas no período,SMP,2017-07,50850.0
sercomtel,quantidade de sol. respondidas no período,SMP,2017-07,104.0
tim,quantidade de sol. respondidas no período,SMP,2017-07,137630.0
vivo,quantidade de sol. respondidas no período,SMP,2017-07,103367.0
algar,taxa de reabertas,SMP,2017-07,5.263
claro,taxa de reabertas,SMP,2017-07,7.014
nextel,taxa de reabertas,SMP,2017-07,16.593
oi,taxa de reabertas,SMP,2017-07,9.104
sercomtel,taxa de reabertas,SMP,2017-07,118.182
tim,taxa de reabertas,SMP,2017-07,8.069
vivo,taxa de reabertas,SMP,2017-07,7.462
algar,taxa de respondidas em 5 dias úteis,SMP,2017-07,94.152
claro,taxa de respondidas em 5 dias úteis,SMP,2017-07,86.349
nextel,taxa de respondidas em 5 dias úteis,SMP,2017-07,75.644
oi,taxa de respondidas em 5 dias úteis,SMP,2017-07,86.04
sercomtel,taxa de respondidas em 5 dias úteis,SMP,2017-07,29.167
tim,taxa de respondidas em 5 dias úteis,SMP,2017-07,85.586
vivo,taxa de respondidas em 5 dias úteis,SMP,2017-07,85.555
algar,taxa de respondidas no período,SMP,2017-07,100.0
claro,taxa de respondidas no período,SMP,2017-07,99.963
nextel,taxa de respondidas no período,SMP,2017-07,97.927
oi,taxa de respondidas no período,SMP,2017-07,99.859
sercomtel,taxa de respondidas no período,SMP,2017-07,85.246
tim,taxa de respondidas no período,SMP,2017-07,99.985
vivo,taxa de respondidas no período,SMP,2017-07,99.983
algar,indicador de desempenho no atendimento (ida),SMP,2017-08,100.0
claro,indicador de desempenho no atendimento (ida),SMP,2017-08,83.924
nextel,indicador de desempenho no atendimento (ida),SMP,2017-08,0.0
oi,indicador de desempenho no atendimento (ida),SMP,2017-08,85.718
sercomtel,indicador de desempenho no atendimento (ida),SMP,2017-08,0.0
tim,indicador de desempenho no atendimento (ida),SMP,2017-08,68.976
vivo,indicador de desempenho no atendimento (ida),SMP,2017-08,87.752
algar,índice de reclamações,SMP,2017-08,0.147
claro,índice de reclamações,SMP,2017-08,0.522
nextel,índice de reclamações,SMP,2017-08,3.219
oi,índice de reclamações,SMP,2017-08,0.486
sercomtel,índice de reclamações,SMP,2017-08,0.696
tim,índice de reclamações,SMP,2017-08,0.82
vivo,índice de reclamações,SMP,2017-08,0.445
algar,quantidade de acessos em serviço,SMP,2017-08,1328201.0
claro,quantidade de acessos em serviço,SMP,2017-08,60457940.0
nextel,quantidade de acessos em serviço,SMP,2017-08,3204051.0
oi,quantidade de acessos em serviço,SMP,2017-08,42025585.0
sercomtel,quantidade de acessos em serviço,SMP,2017-08,70419.0
tim,quantidade de acessos em serviço,SMP,2017-08,60353453.0
vivo,quantidade de acessos em serviço,SMP,2017-08,74571024.0
algar,quantidade de reabertas,SMP,2017-08,12.0
claro,quantidade de reabertas,SMP,2017-08,2254.0
nextel,quantidade de reabertas,SMP,2017-08,1501.0
oi,quantidade de reabertas,SMP,2017-08,1450.0
sercomtel,quantidade de reabertas,SMP,2017-08,13.0
tim,quantidade de reabertas,SMP,2017-08,3332.0
vivo,quantidade de reabertas,SMP,2017-08,2266.0
algar,quantidade de reclamações,SMP,2017-08,195.0
claro,quantidade de reclamações,SMP,2017-08,31530.0
nextel,quantidade de reclamações,SMP,2017-08,10314.0
oi,quantidade de reclamações,SMP,2017-08,20409.0
sercomtel,quantidade de reclamações,SMP,2017-08,49.0
tim,quantidade de reclamações,SMP,2017-08,49519.0
vivo,quantidade de reclamações,SMP,2017-08,33181.0
algar,quantidade de reclamações no período,SMP,2017-08,531.0
claro,quantidade de reclamações no período,SMP,2017-08,92083.0
nextel,quantidade de reclamações no período,SMP,2017-08,28910.0
oi,quantidade de reclamações no período,SMP,2017-08,51745.0
sercomtel,quantidade de reclamações no período,SMP,2017-08,135.0
tim,quantidade de reclamações no período,SMP,2017-08,140654.0
vivo,quantidade de reclamações no período,SMP,2017-08,102849.0
algar,quantidade de respondidas,SMP,2017-08,195.0
claro,quantidade de respondidas,SMP,2017-08,31510.0
nextel,quantidade de respondidas,SMP,2017-08,9433.0
oi,quantidade de respondidas,SMP,2017-08,20366.0
sercomtel,quantidade de respondidas,SMP,2017-08,5.0
tim,quantidade de respondidas,SMP,2017-08,49510.0
vivo,quantidade de respondidas,SMP,2017-08,33177.0
algar,quantidade de sol. respondidas em até 5 dias,SMP,2017-08,180.0
claro,quantidade de sol. respondidas em até 5 dias,SMP,2017-08,27162.0
nextel,quantidade de sol. respondidas em até 5 dias,SMP,2017-08,8552.0
oi,quantidade de sol. respondidas em até 5 dias,SMP,2017-08,17506.0
sercomtel,quantidade de sol. respondidas em até 5 dias,SMP,2017-08,2.0
tim,quantidade de sol. respondidas em até 5 dias,SMP,2017-08,42255.0
vivo,quantidade de sol. respondidas em até 5 dias,SMP,2017-08,28287.0
algar,quantidade de sol. respondidas no período,SMP,2017-08,531.0
claro,quantidade de sol. respondidas no período,SMP,2017-08,92001.0
nextel,quantidade de sol. respondidas no período,SMP,2017-08,28165.0
oi,quantidade de sol. respondidas no período,SMP,2017-08,51647.0
sercomtel,quantidade de sol. respondidas no período,SMP,2017-08,25.0
tim,quantidade de sol. respondidas no período,SMP,2017-08,140652.0
vivo,quantidade de sol. respondidas no período,SMP,2017-08,102328.0
algar,taxa de reabertas,SMP,2017-08,6.154
claro,taxa de reabertas,SMP,2017-08,7.153
nextel,taxa de reabertas,SMP,2017-08,15.912
oi,taxa de reabertas,SMP,2017-08,7.12
sercomtel,taxa de reabertas,SMP,2017-08,260.0
tim,taxa de reabertas,SMP,2017-08,6.73
vivo,taxa de reabertas,SMP,2017-08,6.83
algar,taxa de respondidas em 5 dias úteis,SMP,2017-08,92.308
claro,taxa de respondidas em 5 dias úteis,SMP,2017-08,86.147
nextel,taxa de respondidas em 5 dias úteis,SMP,2017-08,82.916
oi,taxa de respondidas em 5 dias úteis,SMP,2017-08,85.776
sercomtel,taxa de respondidas em 5 dias úteis,SMP,2017-08,4.082
tim,taxa de respondidas em 5 dias úteis,SMP,2017-08,85.331
vivo,taxa de respondidas em 5 dias úteis,SMP,2017-08,85.251
algar,taxa de respondidas no período,SMP,2017-08,100.0
claro,taxa de respondidas no período,SMP,2017-08,99.911
nextel,taxa de respondidas no período,SMP,2017-08,97.423
oi,taxa de respondidas no período,SMP,2017-08,99.811
sercomtel,taxa de respondidas no período,SMP,2017-08,18.519
tim,taxa de respondidas no período,SMP,2017-08,99.999
vivo,taxa de respondidas no período,SMP,2017-08,99.493
algar,indicador de desempenho no atendimento (ida),SMP,2017-09,100.0
claro,indicador de desempenho no atendimento (ida),SMP,2017-09,87.842
nextel,indicador de desempenho no atendimento (ida),SMP,2017-09,0.0
oi,indicador de desempenho no atendimento (ida),SMP,2017-09,88.771
sercomtel,indicador de desempenho no atendimento (ida),SMP,2017-09,0.0
tim,indicador de desempenho no atendimento (ida),SMP,2017-09,70.496
vivo,indicador de desempenho no atendimento (ida),SMP,2017-09,91.36
algar,índice de reclamações,SMP,2017-09,0.124
claro,índice de reclamações,SMP,2017-09,0.443
nextel,índice de reclamações,SMP,2017-09,2.85
oi,índice de reclamações,SMP,2017-09,0.425
sercomtel,índice de reclamações,SMP,2017-09,0.272
tim,índice de reclamações,SMP,2017-09,0.79
vivo,índice de reclamações,SMP,2017-09,0.373
algar,quantidade de acessos em serviço,SMP,2017-09,1325908.0
claro,quantidade de acessos em serviço,SMP,2017-09,60398003.0
nextel,quantidade de acessos em serviço,SMP,2017-09,3006887.0
oi,quantidade de acessos em serviço,SMP,2017-09,41911167.0
sercomtel,quantidade de acessos em serviço,SMP,2017-09,69814.0
tim,quantidade de acessos em serviço,SMP,2017-09,59390157.0
vivo,quantidade de acessos em serviço,SMP,2017-09,74561948.0
algar,quantidade de reabertas,SMP,2017-09,10.0
claro,quantidade de reabertas,SMP,2017-09,1775.0
nextel,quantidade de reabertas,SMP,2017-09,1010.0
oi,quantidade de reabertas,SMP,2017-09,1041.0
sercomtel,quantidade de reabertas,SMP,2017-09,6.0
tim,quantidade de reabertas,SMP,2017-09,3456.0
vivo,quantidade de reabertas,SMP,2017-09,1907.0
algar,quantidade de reclamações,SMP,2017-09,165.0
claro,quantidade de reclamações,SMP,2017-09,26766.0
nextel,quantidade de reclamações,SMP,2017-09,8570.0
oi,quantidade de reclamações,SMP,2017-09,17795.0
sercomtel,quantidade de reclamações,SMP,2017-09,19.0
tim,quantidade de reclamações,SMP,2017-09,46923.0
vivo,quantidade de reclamações,SMP,2017-09,27797.0
algar,quantidade de reclamações no período,SMP,2017-09,557.0
claro,quantidade de reclamações no período,SMP,2017-09,90848.0
nextel,quantidade de reclamações no período,SMP,2017-09,28605.0
oi,quantidade de reclamações no período,SMP,2017-09,53204.0
sercomtel,quantidade de reclamações no período,SMP,2017-09,133.0
tim,quantidade de reclamações no período,SMP,2017-09,138576.0
vivo,quantidade de reclamações no período,SMP,2017-09,97915.0
algar,quantidade de respondidas,SMP,2017-09,150.0
claro,quantidade de respondidas,SMP,2017-09,26720.0
nextel,quantidade de respondidas,SMP,2017-09,7928.0
oi,quantidade de respondidas,SMP,2017-09,17790.0
sercomtel,quantidade de respondidas,SMP,2017-09,5.0
tim,quantidade de respondidas,SMP,2017-09,46507.0
vivo,quantidade de respondidas,SMP,2017-09,27791.0
algar,quantidade de sol. respondidas em até 5 dias,SMP,2017-09,143.0
claro,quantidade de sol. respondidas em até 5 dias,SMP,2017-09,23226.0
nextel,quantidade de sol. respondidas em até 5 dias,SMP,2017-09,7491.0
oi,quantidade de sol. respondidas em até 5 dias,SMP,2017-09,15615.0
sercomtel,quantidade de sol. respondidas em até 5 dias,SMP,2017-09,4.0
tim,quantidade de sol. respondidas em até 5 dias,SMP,2017-09,40089.0
vivo,quantidade de sol. respondidas em até 5 dias,SMP,2017-09,24193.0
algar,quantidade de sol. respondidas no período,SMP,2017-09,556.0
claro,quantidade de sol. respondidas no período,SMP,2017-09,90824.0
nextel,quantidade de sol. respondidas no período,SMP,2017-09,27613.0
oi,quantidade de sol. respondidas no período,SMP,2017-09,53047.0
sercomtel,quantidade de sol. respondidas no período,SMP,2017-09,29.0
tim,quantidade de sol. respondidas no período,SMP,2017-09,138551.0
vivo,quantidade de sol. respondidas no período,SMP,2017-09,97847.0
algar,taxa de reabertas,SMP,2017-09,6.667
claro,taxa de reabertas,SMP,2017-09,6.643
nextel,taxa de reabertas,SMP,2017-09,12.74
oi,taxa de reabertas,SMP,2017-09,5.852
sercomtel,taxa de reabertas,SMP,2017-09,120.0
tim,taxa de reabertas,SMP,2017-09,7.431
vivo,taxa de reabertas,SMP,2017-09,6.862
algar,taxa de respondidas em 5 dias úteis,SMP,2017-09,86.667
claro,taxa de respondidas em 5 dias úteis,SMP,2017-09,86.774
nextel,taxa de respondidas em 5 dias úteis,SMP,2017-09,87.41
oi,taxa de respondidas em 5 dias úteis,SMP,2017-09,87.749
sercomtel,taxa de respondidas em 5 dias úteis,SMP,2017-09,21.053
tim,taxa de respondidas em 5 dias úteis,SMP,2017-09,85.436
vivo,taxa de respondidas em 5 dias úteis,SMP,2017-09,87.035
algar,taxa de respondidas no período,SMP,2017-09,99.82
claro,taxa de respondidas no período,SMP,2017-09,99.974
nextel,taxa de respondidas no período,SMP,2017-09,96.532
oi,taxa de respondidas no período,SMP,2017-09,99.705
sercomtel,taxa de respondidas no período,SMP,2017-09,21.805
tim,taxa de respondidas no período,SMP,2017-09,99.982
vivo,taxa de respondidas no período,SMP,2017-09,99.931
algar,indicador de desempenho no atendimento (ida),SMP,2017-10,100.0
claro,indicador de desempenho no atendimento (ida),SMP,2017-10,87.962
nextel,indicador de desempenho no atendimento (ida),SMP,2017-10,0.0
oi,indicador de desempenho no atendimento (ida),SMP,2017-10,87.778
sercomtel,indicador de desempenho no atendimento (ida),SMP,2017-10,0.0
tim,indicador de desempenho no atendimento (ida),SMP,2017-10,68.99
vivo,indicador de desempenho no atendimento (ida),SMP,2017-10,90.473
algar,índice de reclamações,SMP,2017-10,0.131
claro,índice de reclamações,SMP,2017-10,0.441
nextel,índice de reclamações,SMP,2017-10,2.587
oi,índice de reclamações,SMP,2017-10,0.444
sercomtel,índice de reclamações,SMP,2017-10,0.419
tim,índice de reclamações,SMP,2017-10,0.82
vivo,índice de reclamações,SMP,2017-10,0.391
algar,quantidade de acessos em serviço,SMP,2017-10,1317491.0
claro,quantidade de acessos em serviço,SMP,2017-10,60501743.0
nextel,quantidade de acessos em serviço,SMP,2017-10,2976977.0
oi,quantidade de acessos em serviço,SMP,2017-10,41911167.0
sercomtel,quantidade de acessos em serviço,SMP,2017-10,69280.0
tim,quantidade de acessos em serviço,SMP,2017-10,59390157.0
vivo,quantidade de acessos em serviço,SMP,2017-10,74648744.0
algar,quantidade de reabertas,SMP,2017-10,11.0
claro,quantidade de reabertas,SMP,2017-10,2027.0
nextel,quantidade de reabertas,SMP,2017-10,803.0
oi,quantidade de reabertas,SMP,2017-10,1101.0
sercomtel,quantidade de reabertas,SMP,2017-10,24.0
tim,quantidade de reabertas,SMP,2017-10,3564.0
vivo,quantidade de reabertas,SMP,2017-10,2108.0
algar,quantidade de reclamações,SMP,2017-10,173.0
claro,quantidade de reclamações,SMP,2017-10,26667.0
nextel,quantidade de reclamações,SMP,2017-10,7702.0
oi,quantidade de reclamações,SMP,2017-10,18627.0
sercomtel,quantidade de reclamações,SMP,2017-10,29.0
tim,quantidade de reclamações,SMP,2017-10,48712.0
vivo,quantidade de reclamações,SMP,2017-10,29153.0
algar,quantidade de reclamações no período,SMP,2017-10,530.0
claro,quantidade de reclamações no período,SMP,2017-10,87704.0
nextel,quantidade de reclamações no período,SMP,2017-10,27776.0
oi,quantidade de reclamações no período,SMP,2017-10,54967.0
sercomtel,quantidade de reclamações no período,SMP,2017-10,83.0
tim,quantidade de reclamações no período,SMP,2017-10,141798.0
vivo,quantidade de reclamações no período,SMP,2017-10,93543.0
algar,quantidade de respondidas,SMP,2017-10,173.0
claro,quantidade de respondidas,SMP,2017-10,26616.0
nextel,quantidade de respondidas,SMP,2017-10,7300.0
oi,quantidade de respondidas,SMP,2017-10,18609.0
sercomtel,quantidade de respondidas,SMP,2017-10,4.0
tim,quantidade de respondidas,SMP,2017-10,48283.0
vivo,quantidade de respondidas,SMP,2017-10,29131.0
algar,quantidade de sol. respondidas em até 5 dias,SMP,2017-10,152.0
claro,quantidade de sol. respondidas em até 5 dias,SMP,2017-10,22843.0
nextel,quantidade de sol. respondidas em até 5 dias,SMP,2017-10,6699.0
oi,quantidade de sol. respondidas em até 5 dias,SMP,2017-10,16191.0
sercomtel,quantidade de sol. respondidas em até 5 dias,SMP,2017-10,4.0
tim,quantidade de sol. respondidas em até 5 dias,SMP,2017-10,41585.0
vivo,quantidade de sol. respondidas em até 5 dias,SMP,2017-10,25100.0
algar,quantidade de sol. respondidas no período,SMP,2017-10,530.0
claro,quantidade de sol. respondidas no período,SMP,2017-10,87667.0
nextel,quantidade de sol. respondidas no período,SMP,2017-10,27460.0
oi,quantidade de sol. respondidas no período,SMP,2017-10,54926.0
sercomtel,quantidade de sol. respondidas no período,SMP,2017-10,27.0
tim,quantidade de sol. respondidas no período,SMP,2017-10,141798.0
vivo,quantidade de sol. respondidas no período,SMP,2017-10,93368.0
algar,taxa de reabertas,SMP,2017-10,6.358
claro,taxa de reabertas,SMP,2017-10,7.616
nextel,taxa de reabertas,SMP,2017-10,11.0
oi,taxa de reabertas,SMP,2017-10,5.916
sercomtel,taxa de reabertas,SMP,2017-10,600.0
tim,taxa de reabertas,SMP,2017-10,7.381
vivo,taxa de reabertas,SMP,2017-10,7.236
algar,taxa de respondidas em 5 dias úteis,SMP,2017-10,87.861
claro,taxa de respondidas em 5 dias úteis,SMP,2017-10,85.66
nextel,taxa de respondidas em 5 dias úteis,SMP,2017-10,86.977
oi,taxa de respondidas em 5 dias úteis,SMP,2017-10,86.922
sercomtel,taxa de respondidas em 5 dias úteis,SMP,2017-10,13.793
tim,taxa de respondidas em 5 dias úteis,SMP,2017-10,85.369
vivo,taxa de respondidas em 5 dias úteis,SMP,2017-10,86.097
algar,taxa de respondidas no período,SMP,2017-10,100.0
claro,taxa de respondidas no período,SMP,2017-10,99.958
nextel,taxa de respondidas no período,SMP,2017-10,98.862
oi,taxa de respondidas no período,SMP,2017-10,99.925
sercomtel,taxa de respondidas no período,SMP,2017-10,32.53
tim,taxa de respondidas no período,SMP,2017-10,100.0
vivo,taxa de respondidas no período,SMP,2017-10,99.813
algar,indicador de desempenho no atendimento (ida),SMP,2017-11,100.0
claro,indicador de desempenho no atendimento (ida),SMP,2017-11,89.141
nextel,indicador de desempenho no atendimento (ida),SMP,2017-11,0.537
oi,indicador de desempenho no atendimento (ida),SMP,2017-11,89.111
sercomtel,indicador de desempenho no atendimento (ida),SMP,2017-11,0.0
tim,indicador de desempenho no atendimento (ida),SMP,2017-11,66.334
vivo,indicador de desempenho no atendimento (ida),SMP,2017-11,91.56
algar,índice de reclamações,SMP,2017-11,0.136
claro,índice de reclamações,SMP,2017-11,0.417
nextel,índice de reclamações,SMP,2017-11,2.056
oi,índice de reclamações,SMP,2017-11,0.418
sercomtel,índice de reclamações,SMP,2017-11,0.742
tim,índice de reclamações,SMP,2017-11,0.873
vivo,índice de reclamações,SMP,2017-11,0.369
algar,quantidade de acessos em serviço,SMP,2017-11,1311719.0
claro,quantidade de acessos em serviço,SMP,2017-11,60538448.0
nextel,quantidade de acessos em serviço,SMP,2017-11,2992780.0
oi,quantidade de acessos em serviço,SMP,2017-11,40473757.0
sercomtel,quantidade de acessos em serviço,SMP,2017-11,68716.0
tim,quantidade de acessos em serviço,SMP,2017-11,58507846.0
vivo,quantidade de acessos em serviço,SMP,2017-11,74735923.0
algar,quantidade de reabertas,SMP,2017-11,8.0
claro,quantidade de reabertas,SMP,2017-11,1837.0
nextel,quantidade de reabertas,SMP,2017-11,623.0
oi,quantidade de reabertas,SMP,2017-11,1034.0
sercomtel,quantidade de reabertas,SMP,2017-11,8.0
tim,quantidade de reabertas,SMP,2017-11,3700.0
vivo,quantidade de reabertas,SMP,2017-11,2098.0
algar,quantidade de reclamações,SMP,2017-11,179.0
claro,quantidade de reclamações,SMP,2017-11,25255.0
nextel,quantidade de reclamações,SMP,2017-11,6152.0
oi,quantidade de reclamações,SMP,2017-11,16909.0
sercomtel,quantidade de reclamações,SMP,2017-11,51.0
tim,quantidade de reclamações,SMP,2017-11,51096.0
vivo,quantidade de reclamações,SMP,2017-11,27562.0
algar,quantidade de reclamações no período,SMP,2017-11,532.0
claro,quantidade de reclamações no período,SMP,2017-11,84961.0
nextel,quantidade de reclamações no período,SMP,2017-11,26585.0
oi,quantidade de reclamações no período,SMP,2017-11,56834.0
sercomtel,quantidade de reclamações no período,SMP,2017-11,88.0
tim,quantidade de reclamações no período,SMP,2017-11,145165.0
vivo,quantidade de reclamações no período,SMP,2017-11,90133.0
algar,quantidade de respondidas,SMP,2017-11,179.0
claro,quantidade de respondidas,SMP,2017-11,24993.0
nextel,quantidade de respondidas,SMP,2017-11,5827.0
oi,quantidade de respondidas,SMP,2017-11,16887.0
sercomtel,quantidade de respondidas,SMP,2017-11,1.0
tim,quantidade de respondidas,SMP,2017-11,50624.0
vivo,quantidade de respondidas,SMP,2017-11,27549.0
algar,quantidade de sol. respondidas em até 5 dias,SMP,2017-11,156.0
claro,quantidade de sol. respondidas em até 5 dias,SMP,2017-11,21741.0
nextel,quantidade de sol. respondidas em até 5 dias,SMP,2017-11,5341.0
oi,quantidade de sol. respondidas em até 5 dias,SMP,2017-11,14792.0
sercomtel,quantidade de sol. respondidas em até 5 dias,SMP,2017-11,0.0
tim,quantidade de sol. respondidas em até 5 dias,SMP,2017-11,43574.0
vivo,quantidade de sol. respondidas em até 5 dias,SMP,2017-11,23580.0
algar,quantidade de sol. respondidas no período,SMP,2017-11,532.0
claro,quantidade de sol. respondidas no período,SMP,2017-11,84928.0
nextel,quantidade de sol. respondidas no período,SMP,2017-11,26424.0
oi,quantidade de sol. respondidas no período,SMP,2017-11,56735.0
sercomtel,quantidade de sol. respondidas no período,SMP,2017-11,21.0
tim,quantidade de sol. respondidas no período,SMP,2017-11,145163.0
vivo,quantidade de sol. respondidas no período,SMP,2017-11,89876.0
algar,taxa de reabertas,SMP,2017-11,4.469
claro,taxa de reabertas,SMP,2017-11,7.35
nextel,taxa de reabertas,SMP,2017-11,10.692
oi,taxa de reabertas,SMP,2017-11,6.123
sercomtel,taxa de reabertas,SMP,2017-11,800.0
tim,taxa de reabertas,SMP,2017-11,7.309
vivo,taxa de reabertas,SMP,2017-11,7.616
algar,taxa de respondidas em 5 dias úteis,SMP,2017-11,87.151
claro,taxa de respondidas em 5 dias úteis,SMP,2017-11,86.086
nextel,taxa de respondidas em 5 dias úteis,SMP,2017-11,86.817
oi,taxa de respondidas em 5 dias úteis,SMP,2017-11,87.48
sercomtel,taxa de respondidas em 5 dias úteis,SMP,2017-11,0.0
tim,taxa de respondidas em 5 dias úteis,SMP,2017-11,85.279
vivo,taxa de respondidas em 5 dias úteis,SMP,2017-11,85.553
algar,taxa de respondidas no período,SMP,2017-11,100.0
claro,taxa de respondidas no período,SMP,2017-11,99.961
nextel,taxa de respondidas no período,SMP,2017-11,99.394
oi,taxa de respondidas no período,SMP,2017-11,99.826
sercomtel,taxa de respondidas no período,SMP,2017-11,23.864
tim,taxa de respondidas no período,SMP,2017-11,99.999
vivo,taxa de respondidas no período,SMP,2017-11,99.715
algar,indicador de desempenho no atendimento (ida),SMP,2017-12,100.0
claro,indicador de desempenho no atendimento (ida),SMP,2017-12,91.161
nextel,indicador de desempenho no atendimento (ida),SMP,2017-12,13.205
oi,indicador de desempenho no atendimento (ida),SMP,2017-12,90.671
sercomtel,indicador de desempenho no atendimento (ida),SMP,2017-12,0.0
tim,indicador de desempenho no atendimento (ida),SMP,2017-12,70.743
vivo,indicador de desempenho no atendimento (ida),SMP,2017-12,93.406
algar,índice de reclamações,SMP,2017-12,0.124
claro,índice de reclamações,SMP,2017-12,0.377
nextel,índice de reclamações,SMP,2017-12,1.654
oi,índice de reclamações,SMP,2017-12,0.387
sercomtel,índice de reclamações,SMP,2017-12,0.279
tim,índice de reclamações,SMP,2017-12,0.785
vivo,índice de reclamações,SMP,2017-12,0.332
algar,quantidade de acessos em serviço,SMP,2017-12,1312925.0
claro,quantidade de acessos em serviço,SMP,2017-12,59022019.0
nextel,quantidade de acessos em serviço,SMP,2017-12,3080066.0
oi,quantidade de acessos em serviço,SMP,2017-12,38942433.0
sercomtel,quantidade de acessos em serviço,SMP,2017-12,68217.0
tim,quantidade de acessos em serviço,SMP,2017-12,58634435.0
vivo,quantidade de acessos em serviço,SMP,2017-12,74939872.0
algar,quantidade de reabertas,SMP,2017-12,8.0
claro,quantidade de reabertas,SMP,2017-12,1635.0
nextel,quantidade de reabertas,SMP,2017-12,413.0
oi,quantidade de reabertas,SMP,2017-12,900.0
sercomtel,quantidade de reabertas,SMP,2017-12,1.0
tim,quantidade de reabertas,SMP,2017-12,3576.0
vivo,quantidade de reabertas,SMP,2017-12,1543.0
algar,quantidade de reclamações,SMP,2017-12,163.0
claro,quantidade de reclamações,SMP,2017-12,22238.0
nextel,quantidade de reclamações,SMP,2017-12,5094.0
oi,quantidade de reclamações,SMP,2017-12,15054.0
sercomtel,quantidade de reclamações,SMP,2017-12,19.0
tim,quantidade de reclamações,SMP,2017-12,46036.0
vivo,quantidade de reclamações,SMP,2017-12,24871.0
algar,quantidade de reclamações no período,SMP,2017-12,516.0
claro,quantidade de reclamações no período,SMP,2017-12,78686.0
nextel,quantidade de reclamações no período,SMP,2017-12,22425.0
oi,quantidade de reclamações no período,SMP,2017-12,53334.0
sercomtel,quantidade de reclamações no período,SMP,2017-12,99.0
tim,quantidade de reclamações no período,SMP,2017-12,146735.0
vivo,quantidade de reclamações no período,SMP,2017-12,84512.0
algar,quantidade de respondidas,SMP,2017-12,163.0
claro,quantidade de respondidas,SMP,2017-12,21777.0
nextel,quantidade de respondidas,SMP,2017-12,4657.0
oi,quantidade de respondidas,SMP,2017-12,14696.0
sercomtel,quantidade de respondidas,SMP,2017-12,4.0
tim,quantidade de respondidas,SMP,2017-12,45811.0
vivo,quantidade de respondidas,SMP,2017-12,24857.0
algar,quantidade de sol. respondidas em até 5 dias,SMP,2017-12,140.0
claro,quantidade de sol. respondidas em até 5 dias,SMP,2017-12,19035.0
nextel,quantidade de sol. respondidas em até 5 dias,SMP,2017-12,4229.0
oi,quantidade de sol. respondidas em até 5 dias,SMP,2017-12,13153.0
sercomtel,quantidade de sol. respondidas em até 5 dias,SMP,2017-12,3.0
tim,quantidade de sol. respondidas em até 5 dias,SMP,2017-12,39297.0
vivo,quantidade de sol. respondidas em até 5 dias,SMP,2017-12,21618.0
algar,quantidade de sol. respondidas no período,SMP,2017-12,516.0
claro,quantidade de sol. respondidas no período,SMP,2017-12,78644.0
nextel,quantidade de sol. respondidas no período,SMP,2017-12,22100.0
oi,quantidade de sol. respondidas no período,SMP,2017-12,53232.0
sercomtel,quantidade de sol. respondidas no período,SMP,2017-12,12.0
tim,quantidade de sol. respondidas no período,SMP,2017-12,146673.0
vivo,quantidade de sol. respondidas no período,SMP,2017-12,84256.0
algar,taxa de reabertas,SMP,2017-12,4.908
claro,taxa de reabertas,SMP,2017-12,7.508
nextel,taxa de reabertas,SMP,2017-12,8.868
oi,taxa de reabertas,SMP,2017-12,6.124
sercomtel,taxa de reabertas,SMP,2017-12,25.0
tim,taxa de reabertas,SMP,2017-12,7.806
vivo,taxa de reabertas,SMP,2017-12,6.208
algar,taxa de respondidas em 5 dias úteis,SMP,2017-12,85.89
claro,taxa de respondidas em 5 dias úteis,SMP,2017-12,85.597
nextel,taxa de respondidas em 5 dias úteis,SMP,2017-12,83.019
oi,taxa de respondidas em 5 dias úteis,SMP,2017-12,87.372
sercomtel,taxa de respondidas em 5 dias úteis,SMP,2017-12,15.789
tim,taxa de respondidas em 5 dias úteis,SMP,2017-12,85.361
vivo,taxa de respondidas em 5 dias úteis,SMP,2017-12,86.921
algar,taxa de respondidas no período,SMP,2017-12,100.0
claro,taxa de respondidas no período,SMP,2017-12,99.947
nextel,taxa de respondidas no período,SMP,2017-12,98.551
oi,taxa de respondidas no período,SMP,2017-12,99.809
sercomtel,taxa de respondidas no período,SMP,2017-12,12.121
tim,taxa de respondidas no período,SMP,2017-12,99.958
vivo,taxa de respondidas no período,SMP,2017-12,99.697
